idencuestador,encuestador,domicilio,telefono
1,Viviyan,00169 Kropf Terrace,1927861774
2,Jessy,2338 Dexter Court,8826888060
3,Amalea,86 International Plaza,7296815403
4,Lorna,229 Claremont Alley,9991706408
5,Bearnard,994 Arrowood Lane,2985177379
6,Mercy,0216 Sauthoff Drive,4083334534
7,Lorri,735 Carpenter Hill,4928945726
8,Kristien,6 Hintze Road,8025048328
9,Dehlia,4 Carberry Hill,6352448736
10,Salaidh,78 Fisk Lane,7623461022
11,Chane,55 Union Alley,2093778447
12,June,9625 Village Court,5407297563
13,Donnie,570 Mayfield Drive,9797819151
14,Clement,59902 Anzinger Plaza,5337781501
15,Frederick,88 Melody Circle,3195935896
16,Katy,0 Grasskamp Parkway,7575406160
17,Roxie,95059 Main Park,1241175502
18,Elliott,5 Dryden Pass,2586423367
19,Arliene,1778 Pawling Crossing,8983001469
20,Curt,1 Miller Drive,8964265300
21,Stinky,668 Miller Trail,5016721598
22,Fonsie,5321 School Avenue,1058004424
23,Archy,757 Comanche Way,4022613082
24,Linc,6552 Fair Oaks Plaza,8482349147
25,Kellen,26154 Summerview Plaza,6276068393
26,Jonah,75629 Forest Junction,8459930682
27,Penn,33 David Place,6898368105
28,Bunny,71296 Schlimgen Trail,7304564514
29,Emma,743 Briar Crest Way,6853220656
30,Bernadene,1 Golf View Alley,1447834497
31,Hollyanne,429 Stephen Circle,9355889600
32,Perri,0936 Melrose Lane,2197030828
33,Andee,9 Sycamore Drive,1791266152
34,Karna,9620 Grim Trail,1861733137
35,Tadeo,923 Bluestem Alley,9474916727
36,Evered,04 Florence Terrace,1605777252
37,Thorin,27 Killdeer Lane,2891270611
38,Cherish,1 Union Plaza,7808293170
39,Priscella,41345 Ohio Park,7654707650
40,Ring,817 Westridge Alley,8212346585
41,Marika,3 Ramsey Point,3487811791
42,Bill,8454 Di Loreto Avenue,9699499900
43,Ave,08 Havey Street,7801939595
44,Fionnula,8 Northport Court,6498396916
45,Maritsa,723 Old Gate Drive,9471455413
46,Archie,01 Fisk Plaza,1574777306
47,Esme,193 Caliangt Crossing,3325626809
48,Beaufort,35724 Roxbury Alley,3415925619
49,Violetta,326 Moose Way,2169846128
50,Marlane,90965 Morningstar Pass,4825881175
51,Genevieve,3 Novick Street,9618898154
52,Waneta,9782 Glacier Hill Point,2153204781
53,Frieda,04018 Shasta Parkway,4258668755
54,Mirabella,37 Aberg Way,6673257275
55,Frederic,6 Mitchell Trail,6141222548
56,Waylon,3 Hoepker Hill,5335745839
57,Diahann,73 Porter Way,1668160277
58,Beniamino,08147 Loftsgordon Drive,6665651732
59,Harald,4594 Badeau Terrace,2863002706
60,Fianna,01 Cascade Park,5114629328
61,Irina,326 Victoria Place,2856236325
62,Christiane,0 Sachs Road,6777956939
63,Jedidiah,1401 Lotheville Alley,2728564663
64,Brooke,59 Cordelia Crossing,8263628084
65,Olivero,0113 Roth Junction,8154176456
66,Davy,3670 Stang Point,5623498507
67,Ronna,72 Morning Alley,1858277185
68,Lelah,32518 Muir Terrace,6481790777
69,Loella,0679 Arizona Road,3923735646
70,Blane,30 Thackeray Terrace,4805142411
71,Nikolaus,429 Continental Trail,6352253057
72,Edith,05 Londonderry Way,6354772186
73,Cam,58 Division Road,9716224837
74,Trever,7 Sunfield Park,7936414139
75,Ardeen,5642 Clemons Pass,6448326289
76,Dinnie,8886 Prentice Crossing,4917729986
77,Jacquelynn,796 Elmside Pass,5379855951
78,Dinah,46 Grim Avenue,2498183548
79,Amanda,4 Oak Trail,4342642303
80,Ashlan,03062 North Center,5451777776
81,Shepard,1 Summer Ridge Alley,2225754990
82,Bernette,01137 Becker Parkway,5292519963
83,Wain,4523 Northridge Parkway,6653995199
84,Calypso,45 American Ash Trail,6989843708
85,Guinevere,93 Mcbride Way,4346500785
86,Giselbert,52 Elgar Avenue,5582676283
87,Kristal,7 Loeprich Parkway,2037308197
88,Dav,2 Crest Line Circle,2511798130
89,Kacie,83352 Weeping Birch Place,1477146391
90,Pablo,71954 Londonderry Avenue,5421622489
91,Phoebe,6478 Sugar Center,4558176835
92,Miltie,615 West Place,4603186798
93,Cecilio,42382 Raven Street,2958245614
94,Dino,912 Bay Lane,6903892918
95,Alva,05577 Northridge Park,4177384028
96,Milly,3231 Algoma Terrace,2539094064
97,Ikey,2298 Debra Pass,2461574882
98,Winslow,83 Hudson Trail,4423137234
99,Lily,286 Raven Street,6129931276
100,Toiboid,27 Thierer Crossing,5831769520
