idusuario,usuario,clave
1,Claudine,userki3313
2,Cinderella,useruk8365
3,Carolan,userjw3858
4,Darryl,userxm7192
5,Malanie,useram0849
6,Kirstyn,userqp2092
7,Rania,useraj2106
8,Mohandis,usergm2234
9,Aurelia,userff9204
10,Leupold,usersg7110
11,Lorinda,usersw1939
12,Gertrude,useran4549
13,Orin,userzz5095
14,Toby,userco6439
15,Marcile,userar2590
16,Rana,useruw1094
17,Natalee,userfv8510
18,Katalin,userex8094
19,Felike,usermt0331
20,Bobinette,userkz7412
21,Leann,userwz6155
22,Mechelle,userau2969
23,Richmond,userwa7263
24,Katee,usertj5597
25,Carlotta,userkt1805
26,Lewiss,userod5152
27,Zachery,usertt8727
28,Calvin,userus0802
29,Ardine,userqt2937
30,Mala,userwu7418
31,Jeremy,userck9684
32,Chere,userru3750
33,Iorgos,userur5376
34,Phyllis,userql3465
35,Ellswerth,userhz9116
36,Adriane,userdo8973
37,Burnard,useras3573
38,Zelma,userbd9197
39,Chandal,userkh6441
40,Dela,usertl2934
41,Lora,uservj4003
42,Arty,userfb6099
43,Colline,useree1071
44,Andeee,userws4234
45,Tracie,useras4086
46,Corene,userto6183
47,Claretta,userbi5815
48,Dianne,userul0276
49,Anabel,userjb7251
50,Cass,useryf7762
51,Banky,useryp3785
52,Paula,userrl1912
53,Myrtie,usersk9225
54,Gardiner,uservg9415
55,Harbert,userzu1152
56,Coralyn,usergx1012
57,Jacenta,userym9681
58,Wilden,usersp3172
59,Fernanda,usersu0491
60,Egbert,userzv0076
61,Cookie,userkn5548
62,Darrick,userop1485
63,Jennica,userhz6815
64,Theresa,userxz0986
65,Zachariah,usermn3715
66,Merrill,usernk3163
67,Pattie,useria2888
68,Nertie,userfr7190
69,Carie,userjl9099
70,Gipsy,userjo1855
71,Quintin,userdb2059
72,Winnah,userew0463
73,Brier,userhd6457
74,Petronia,userhi0386
75,Ilaire,userkj1864
76,Yulma,userit4621
77,Esdras,userhh2795
78,Tanny,useruy4625
79,Griffie,userjy6629
80,Arie,userwq7484
81,Berna,userip4740
82,Larina,userqm5187
83,Zara,userah4415
84,Godiva,userxi3160
85,Chrysler,userqo2968
86,Darin,userqo7337
87,Dorree,userff1798
88,Kliment,userqa8621
89,Romeo,userqm6099
90,Perle,useric9245
91,Izzy,userwl1181
92,Pablo,userdy3982
93,Adina,userqo8447
94,Bartolomeo,usergv6933
95,Stanly,userie4270
96,Tybi,userhk0398
97,Clarinda,userfl6775
98,Blair,usernl7992
99,Lewie,userwy7885
100,Johnette,userbl1469
